service_type,program_area,count,classification,capacity,occupancy_rate
Shelter,Temporary Refugee Response,11,Emergency,132,53.73700917698443
Shelter,Winter Programs,22,Emergency,67,35.41922806762159
Warming Centre,Base Shelter and Overnight Services System,10,Emergency,69,78.24876236263663
Top Bunk Contingency Space,Temporary Refugee Response,33,Emergency,68,78.40958801098168
24-Hour Respite Site,Temporary Refugee Response,49,Transitional,62,26.7092393245548
24-Hour Respite Site,Base Shelter and Overnight Services System,10,Transitional,42,36.957455752417445
Warming Centre,Temporary Refugee Response,18,Emergency,90,85.48077798914164
Top Bunk Contingency Space,Base Shelter and Overnight Services System,132,Emergency,136,19.837010884657502
Top Bunk Contingency Space,Base Program - Refugee,95,Emergency,135,38.949471921660006
24-Hour Respite Site,Base Shelter and Overnight Services System,55,Transitional,68,65.4586723074317
Warming Centre,Base Program - Refugee,3,Emergency,6,70.98987407516688
Top Bunk Contingency Space,Base Program - Refugee,0,Transitional,66,60.16902709379792
Top Bunk Contingency Space,Winter Programs,35,Transitional,134,98.75005062203854
Warming Centre,Temporary Refugee Response,86,Emergency,136,99.53506591264158
24-Hour Respite Site,Base Program - Refugee,21,Emergency,60,76.77258111070842
Shelter,Base Program - Refugee,80,Transitional,148,54.70472218003124
24-Hour Respite Site,Winter Programs,72,Emergency,139,91.05105912312865
Warming Centre,Base Program - Refugee,70,Transitional,108,79.53133480623364
Top Bunk Contingency Space,Base Program - Refugee,67,Emergency,132,2.0882166689261794
24-Hour Respite Site,Winter Programs,34,Transitional,107,77.24270378239453
24-Hour Respite Site,Base Shelter and Overnight Services System,46,Emergency,73,64.44547274149954
Shelter,Temporary Refugee Response,50,Emergency,106,51.92616127897054
24-Hour Respite Site,Base Shelter and Overnight Services System,26,Emergency,26,34.35464780777693
Top Bunk Contingency Space,Base Program - Refugee,106,Emergency,125,99.2657802766189
Top Bunk Contingency Space,Temporary Refugee Response,5,Transitional,131,58.389096381142735
24-Hour Respite Site,Base Program - Refugee,112,Transitional,118,0.6805345881730318
Warming Centre,Winter Programs,100,Emergency,138,27.35488978214562
Shelter,Base Program - Refugee,16,Transitional,67,69.14379198569804
24-Hour Respite Site,Temporary Refugee Response,44,Transitional,141,80.95837442670017
24-Hour Respite Site,Base Program - Refugee,64,Emergency,134,81.21749937999994
Warming Centre,Base Shelter and Overnight Services System,53,Emergency,59,59.23436328303069
Top Bunk Contingency Space,Winter Programs,42,Emergency,80,42.809911794029176
Shelter,Base Program - Refugee,46,Transitional,48,19.165364908985794
Top Bunk Contingency Space,Base Shelter and Overnight Services System,49,Transitional,71,58.093416527844965
24-Hour Respite Site,Base Program - Refugee,16,Emergency,116,6.081545213237405
Shelter,Base Program - Refugee,26,Transitional,144,7.033122982829809
Top Bunk Contingency Space,Winter Programs,6,Emergency,17,40.69183263927698
24-Hour Respite Site,Temporary Refugee Response,108,Transitional,108,10.869019501842558
Shelter,Winter Programs,60,Emergency,149,9.388947137631476
24-Hour Respite Site,Base Program - Refugee,19,Transitional,132,70.13110257685184
Top Bunk Contingency Space,Base Shelter and Overnight Services System,112,Transitional,118,34.71698018256575
Shelter,Temporary Refugee Response,127,Emergency,143,77.71937879733741
24-Hour Respite Site,Winter Programs,1,Transitional,111,26.726482063531876
Shelter,Winter Programs,4,Transitional,42,55.05771469324827
Warming Centre,Temporary Refugee Response,10,Emergency,53,81.12107403576374
Warming Centre,Base Program - Refugee,65,Transitional,86,46.98184959124774
24-Hour Respite Site,Base Shelter and Overnight Services System,33,Emergency,56,48.05164481513202
Shelter,Base Program - Refugee,23,Transitional,27,74.33343953453004
Top Bunk Contingency Space,Base Shelter and Overnight Services System,34,Emergency,75,87.004629150033
Warming Centre,Base Program - Refugee,13,Emergency,136,68.45352784730494
Top Bunk Contingency Space,Base Shelter and Overnight Services System,18,Emergency,37,53.96054182201624
Top Bunk Contingency Space,Base Program - Refugee,57,Emergency,89,30.26366529520601
Shelter,Base Shelter and Overnight Services System,76,Transitional,127,62.9532532999292
Top Bunk Contingency Space,Base Shelter and Overnight Services System,20,Transitional,144,3.2947385450825095
Shelter,Base Program - Refugee,34,Transitional,138,97.1649339189753
24-Hour Respite Site,Base Shelter and Overnight Services System,104,Emergency,140,48.380365897901356
Warming Centre,Winter Programs,57,Transitional,74,14.48150291107595
Warming Centre,Base Program - Refugee,0,Transitional,129,73.31444083247334
24-Hour Respite Site,Base Shelter and Overnight Services System,9,Transitional,146,10.990108666010201
Shelter,Winter Programs,6,Emergency,97,92.66193234361708
24-Hour Respite Site,Winter Programs,22,Emergency,34,33.91181624028832
Top Bunk Contingency Space,Base Program - Refugee,33,Transitional,145,11.916151875630021
24-Hour Respite Site,Base Program - Refugee,23,Transitional,77,41.62347984965891
Warming Centre,Winter Programs,44,Transitional,145,66.34507467970252
Warming Centre,Base Program - Refugee,4,Transitional,140,53.83120358455926
24-Hour Respite Site,Base Program - Refugee,10,Emergency,17,12.685086484998465
Top Bunk Contingency Space,Winter Programs,12,Emergency,53,71.43406665418297
Shelter,Base Shelter and Overnight Services System,18,Emergency,72,28.729410911910236
Top Bunk Contingency Space,Temporary Refugee Response,14,Emergency,113,47.548836446367204
Shelter,Winter Programs,2,Transitional,36,51.18149814661592
Warming Centre,Base Shelter and Overnight Services System,33,Emergency,110,11.774162948131561
Top Bunk Contingency Space,Temporary Refugee Response,22,Emergency,119,18.882279051467776
Warming Centre,Base Program - Refugee,90,Transitional,109,73.66529579740018
Top Bunk Contingency Space,Base Program - Refugee,28,Transitional,47,24.727572686970234
Warming Centre,Winter Programs,120,Emergency,150,75.63535331282765
Warming Centre,Base Shelter and Overnight Services System,30,Transitional,109,46.08330267947167
Top Bunk Contingency Space,Winter Programs,9,Emergency,44,18.72616687323898
Top Bunk Contingency Space,Base Shelter and Overnight Services System,68,Emergency,96,16.59513874910772
Top Bunk Contingency Space,Temporary Refugee Response,80,Transitional,132,15.168882557190955
Shelter,Base Program - Refugee,9,Transitional,120,13.760724035091698
Top Bunk Contingency Space,Base Program - Refugee,38,Emergency,88,24.237194773741066
Warming Centre,Base Program - Refugee,59,Transitional,143,0.6596671417355537
Top Bunk Contingency Space,Winter Programs,16,Transitional,105,37.11430002003908
24-Hour Respite Site,Winter Programs,48,Emergency,83,80.74105912819505
24-Hour Respite Site,Base Shelter and Overnight Services System,12,Emergency,72,20.332090696319938
Warming Centre,Base Program - Refugee,39,Transitional,78,64.41638534888625
24-Hour Respite Site,Winter Programs,61,Emergency,79,7.161056715995073
Top Bunk Contingency Space,Base Shelter and Overnight Services System,43,Emergency,58,27.387473941780627
24-Hour Respite Site,Base Program - Refugee,98,Emergency,130,28.12035302631557
24-Hour Respite Site,Temporary Refugee Response,43,Emergency,59,98.00050735939294
Warming Centre,Temporary Refugee Response,6,Emergency,105,77.467520092614
Warming Centre,Winter Programs,38,Transitional,45,93.21467992849648
Top Bunk Contingency Space,Base Program - Refugee,40,Transitional,115,47.05924638547003
Top Bunk Contingency Space,Winter Programs,20,Emergency,107,32.01626646332443
Shelter,Temporary Refugee Response,36,Transitional,73,71.65520563721657
Warming Centre,Winter Programs,25,Emergency,64,45.742094912566245
24-Hour Respite Site,Base Shelter and Overnight Services System,44,Emergency,117,61.90162659622729
24-Hour Respite Site,Temporary Refugee Response,103,Transitional,107,7.173495087772608
Top Bunk Contingency Space,Winter Programs,19,Emergency,142,55.939195468090475
Shelter,Base Shelter and Overnight Services System,6,Emergency,33,90.39485396351665
Shelter,Base Shelter and Overnight Services System,10,Emergency,78,75.30713935848325
Warming Centre,Base Shelter and Overnight Services System,79,Transitional,134,90.57202809490263
24-Hour Respite Site,Base Program - Refugee,97,Emergency,109,70.86829771287739
24-Hour Respite Site,Temporary Refugee Response,41,Transitional,105,82.83447897993028
Warming Centre,Base Shelter and Overnight Services System,34,Transitional,92,46.900505502708256
Top Bunk Contingency Space,Base Program - Refugee,9,Emergency,41,73.98175112903118
24-Hour Respite Site,Base Shelter and Overnight Services System,96,Emergency,146,59.89624003414065
24-Hour Respite Site,Base Program - Refugee,20,Emergency,77,31.343406229279935
24-Hour Respite Site,Base Program - Refugee,131,Emergency,144,8.167975954711437
Warming Centre,Base Shelter and Overnight Services System,38,Transitional,53,60.62750522978604
Warming Centre,Winter Programs,99,Transitional,146,59.303649328649044
24-Hour Respite Site,Base Program - Refugee,17,Emergency,31,94.0438513411209
24-Hour Respite Site,Base Shelter and Overnight Services System,21,Transitional,130,24.44067995529622
Shelter,Winter Programs,37,Transitional,57,14.264467870816588
24-Hour Respite Site,Winter Programs,6,Transitional,75,21.48742633871734
Warming Centre,Winter Programs,27,Transitional,93,60.64494978636503
Warming Centre,Base Shelter and Overnight Services System,13,Emergency,43,8.518374315463006
24-Hour Respite Site,Base Program - Refugee,86,Emergency,143,61.04914238676429
Warming Centre,Base Shelter and Overnight Services System,58,Transitional,123,94.29633212275803
Top Bunk Contingency Space,Base Program - Refugee,9,Emergency,97,34.564015292562544
Top Bunk Contingency Space,Winter Programs,25,Transitional,26,9.301050263457
Warming Centre,Temporary Refugee Response,24,Emergency,33,9.757731179706752
Warming Centre,Base Shelter and Overnight Services System,81,Transitional,142,72.40752277430147
Shelter,Base Program - Refugee,63,Emergency,116,30.672953883185983
Shelter,Winter Programs,95,Transitional,146,46.56168904621154
24-Hour Respite Site,Temporary Refugee Response,38,Transitional,114,53.54432035237551
Top Bunk Contingency Space,Temporary Refugee Response,5,Transitional,25,25.98519769962877
Shelter,Temporary Refugee Response,50,Transitional,130,65.13633960857987
Top Bunk Contingency Space,Winter Programs,2,Emergency,85,11.158906621858478
Shelter,Temporary Refugee Response,46,Emergency,67,14.061786630190909
24-Hour Respite Site,Base Program - Refugee,72,Emergency,114,84.29395330604166
Warming Centre,Temporary Refugee Response,2,Transitional,145,77.22055865451694
Warming Centre,Base Shelter and Overnight Services System,11,Emergency,68,86.27653610892594
Top Bunk Contingency Space,Base Shelter and Overnight Services System,45,Emergency,114,38.31406272947788
Top Bunk Contingency Space,Winter Programs,24,Emergency,62,81.71299733221531
Shelter,Temporary Refugee Response,62,Transitional,130,73.37781304959208
24-Hour Respite Site,Temporary Refugee Response,15,Emergency,135,47.862311941571534
Warming Centre,Winter Programs,94,Emergency,134,13.92105845734477
Warming Centre,Base Shelter and Overnight Services System,40,Emergency,60,87.48220358975232
Shelter,Winter Programs,63,Transitional,113,17.239604331552982
24-Hour Respite Site,Base Shelter and Overnight Services System,33,Emergency,99,51.35474952403456
Shelter,Winter Programs,60,Transitional,132,1.7777624307200313
Shelter,Winter Programs,90,Transitional,134,23.914712481200695
Top Bunk Contingency Space,Base Shelter and Overnight Services System,120,Transitional,134,60.31004728283733
Shelter,Winter Programs,19,Emergency,85,93.83272754494101
24-Hour Respite Site,Temporary Refugee Response,7,Transitional,95,58.4093724610284
24-Hour Respite Site,Winter Programs,7,Emergency,43,38.302266877144575
Top Bunk Contingency Space,Temporary Refugee Response,57,Emergency,84,31.548589351586998
24-Hour Respite Site,Base Program - Refugee,68,Transitional,84,66.61532551515847
24-Hour Respite Site,Temporary Refugee Response,105,Emergency,111,84.65578844770789
Top Bunk Contingency Space,Base Shelter and Overnight Services System,87,Transitional,98,92.5781347323209
Shelter,Base Program - Refugee,14,Transitional,68,34.89070413634181
24-Hour Respite Site,Base Shelter and Overnight Services System,47,Transitional,125,64.34564385563135
Warming Centre,Winter Programs,43,Emergency,100,36.336063710041344
Shelter,Temporary Refugee Response,37,Emergency,91,3.341917903162539
Warming Centre,Winter Programs,36,Transitional,95,67.32662888243794
24-Hour Respite Site,Base Program - Refugee,84,Emergency,96,37.936571263708174
Top Bunk Contingency Space,Base Shelter and Overnight Services System,13,Emergency,116,35.46043613459915
Top Bunk Contingency Space,Winter Programs,62,Transitional,149,10.300148115493357
24-Hour Respite Site,Winter Programs,9,Emergency,147,13.633498665876687
24-Hour Respite Site,Winter Programs,62,Emergency,125,40.55179574061185
Top Bunk Contingency Space,Base Program - Refugee,94,Emergency,147,86.8694759439677
Top Bunk Contingency Space,Winter Programs,19,Transitional,51,28.126416774466634
24-Hour Respite Site,Base Shelter and Overnight Services System,18,Transitional,60,18.90582679770887
24-Hour Respite Site,Temporary Refugee Response,57,Transitional,140,91.47170768119395
Warming Centre,Winter Programs,12,Emergency,26,35.53997843991965
Shelter,Temporary Refugee Response,64,Emergency,103,18.543036002665758
Shelter,Temporary Refugee Response,43,Transitional,84,59.878208511509
Warming Centre,Base Program - Refugee,77,Transitional,128,44.02998371515423
Warming Centre,Base Program - Refugee,7,Emergency,77,72.20192993991077
Top Bunk Contingency Space,Temporary Refugee Response,33,Emergency,129,52.632084814831614
24-Hour Respite Site,Base Program - Refugee,138,Emergency,139,29.216950084082782
Top Bunk Contingency Space,Winter Programs,57,Transitional,97,42.37000220455229
Warming Centre,Base Program - Refugee,77,Emergency,85,5.054053571075201
Top Bunk Contingency Space,Base Program - Refugee,108,Transitional,137,87.66068639233708
Warming Centre,Temporary Refugee Response,56,Emergency,130,93.42936556786299
Warming Centre,Temporary Refugee Response,45,Transitional,82,36.49564085062593
Top Bunk Contingency Space,Base Program - Refugee,117,Transitional,145,68.57869660016149
24-Hour Respite Site,Winter Programs,15,Emergency,100,1.6653603641316295
Warming Centre,Temporary Refugee Response,64,Transitional,136,76.0923032881692
Shelter,Winter Programs,1,Emergency,75,63.29818144440651
24-Hour Respite Site,Base Shelter and Overnight Services System,104,Transitional,107,61.765212984755635
Top Bunk Contingency Space,Base Shelter and Overnight Services System,14,Emergency,117,52.63407558668405
Top Bunk Contingency Space,Temporary Refugee Response,37,Transitional,98,95.96954963635653
Shelter,Temporary Refugee Response,52,Emergency,121,5.112606147304177
Warming Centre,Temporary Refugee Response,43,Emergency,72,51.242266688495874
Warming Centre,Base Shelter and Overnight Services System,17,Emergency,21,66.03987843263894
Top Bunk Contingency Space,Base Shelter and Overnight Services System,38,Emergency,141,82.58113441988826
Shelter,Base Program - Refugee,84,Transitional,85,62.395292427390814
Warming Centre,Temporary Refugee Response,25,Transitional,144,19.558791792951524
Warming Centre,Winter Programs,27,Transitional,63,96.72311446629465
Top Bunk Contingency Space,Winter Programs,79,Emergency,117,20.34437796100974
Shelter,Base Program - Refugee,77,Transitional,118,46.12929210998118
Shelter,Base Shelter and Overnight Services System,19,Emergency,89,54.728687135502696
Top Bunk Contingency Space,Winter Programs,14,Emergency,74,73.76892969477922
Warming Centre,Temporary Refugee Response,22,Emergency,106,26.674269139766693
Warming Centre,Winter Programs,33,Emergency,109,72.18990654218942
Shelter,Base Program - Refugee,86,Transitional,105,27.208083891309798
Warming Centre,Base Program - Refugee,44,Emergency,102,54.34478363022208
Top Bunk Contingency Space,Winter Programs,108,Transitional,114,63.735314388759434
Top Bunk Contingency Space,Winter Programs,46,Transitional,52,34.52724884264171
Top Bunk Contingency Space,Winter Programs,86,Emergency,109,50.01414839643985
Top Bunk Contingency Space,Base Program - Refugee,30,Transitional,49,93.51977501064539
Top Bunk Contingency Space,Base Shelter and Overnight Services System,52,Emergency,117,8.069899212568998
Shelter,Temporary Refugee Response,20,Transitional,119,3.0426873359829187
Top Bunk Contingency Space,Base Shelter and Overnight Services System,120,Transitional,132,74.47067252360284
Warming Centre,Winter Programs,43,Transitional,126,34.26744567696005
Top Bunk Contingency Space,Base Shelter and Overnight Services System,79,Emergency,130,5.306563409976661
Top Bunk Contingency Space,Winter Programs,18,Emergency,115,76.1694636195898
Shelter,Base Shelter and Overnight Services System,19,Transitional,67,97.46139922644943
24-Hour Respite Site,Base Shelter and Overnight Services System,3,Emergency,75,82.24796848371625
Warming Centre,Base Program - Refugee,43,Transitional,66,25.33161868341267
Shelter,Base Shelter and Overnight Services System,22,Emergency,119,2.912069787271321
24-Hour Respite Site,Winter Programs,102,Emergency,123,81.51785039808601
Shelter,Winter Programs,14,Emergency,32,46.58053866587579
Shelter,Winter Programs,15,Transitional,116,50.50524496473372
Shelter,Base Shelter and Overnight Services System,18,Transitional,27,49.85895415302366
24-Hour Respite Site,Base Program - Refugee,94,Emergency,143,0.4885106813162565
Top Bunk Contingency Space,Base Program - Refugee,65,Transitional,87,58.95101255737245
Warming Centre,Base Program - Refugee,130,Transitional,132,67.10952101275325
Warming Centre,Temporary Refugee Response,76,Emergency,117,92.90951006114483
Shelter,Temporary Refugee Response,85,Transitional,121,85.26338478550315
Top Bunk Contingency Space,Winter Programs,13,Transitional,136,49.88149062264711
Warming Centre,Winter Programs,38,Emergency,77,74.91180209908634
Shelter,Base Program - Refugee,41,Emergency,49,31.8557616090402
Top Bunk Contingency Space,Base Shelter and Overnight Services System,7,Transitional,91,78.06533370167017
Top Bunk Contingency Space,Base Program - Refugee,29,Transitional,29,81.00157743319869
24-Hour Respite Site,Base Shelter and Overnight Services System,24,Emergency,77,26.00288826506585
Warming Centre,Temporary Refugee Response,5,Transitional,8,63.47593527752906
Top Bunk Contingency Space,Base Program - Refugee,108,Transitional,134,23.391809803433716
Top Bunk Contingency Space,Base Shelter and Overnight Services System,14,Emergency,118,69.03874741401523
Top Bunk Contingency Space,Base Shelter and Overnight Services System,37,Transitional,135,31.75112826284021
24-Hour Respite Site,Base Shelter and Overnight Services System,67,Transitional,107,85.07426164578646
24-Hour Respite Site,Temporary Refugee Response,2,Emergency,71,8.27732253819704
Shelter,Temporary Refugee Response,35,Emergency,134,28.20825867820531
Shelter,Temporary Refugee Response,89,Transitional,144,74.52224765438586
Shelter,Winter Programs,25,Transitional,70,82.22216027788818
Shelter,Temporary Refugee Response,30,Emergency,99,53.76951505895704
Top Bunk Contingency Space,Base Shelter and Overnight Services System,76,Transitional,110,24.790415540337563
Top Bunk Contingency Space,Temporary Refugee Response,88,Transitional,119,84.51638540718704
Shelter,Temporary Refugee Response,21,Emergency,54,59.83917333651334
Top Bunk Contingency Space,Temporary Refugee Response,58,Transitional,120,95.89085122570395
Warming Centre,Base Program - Refugee,120,Transitional,136,57.773104100488126
Warming Centre,Base Program - Refugee,5,Emergency,130,77.6973501779139
24-Hour Respite Site,Base Shelter and Overnight Services System,18,Transitional,45,30.636045360006392
Warming Centre,Temporary Refugee Response,85,Transitional,116,25.127997109666467
24-Hour Respite Site,Winter Programs,108,Emergency,121,77.30583068914711
24-Hour Respite Site,Base Shelter and Overnight Services System,1,Emergency,114,71.38563026674092
24-Hour Respite Site,Base Shelter and Overnight Services System,65,Emergency,113,66.41833316534758
Top Bunk Contingency Space,Winter Programs,9,Emergency,17,44.708111649379134
Warming Centre,Base Shelter and Overnight Services System,71,Emergency,83,22.071506921201944
Shelter,Winter Programs,14,Emergency,55,28.857546765357256
Warming Centre,Winter Programs,87,Emergency,126,71.18903815280646
Warming Centre,Temporary Refugee Response,100,Emergency,132,93.07976642157882
Shelter,Temporary Refugee Response,17,Transitional,122,35.650156554766
Top Bunk Contingency Space,Winter Programs,54,Emergency,87,59.69550064764917
Shelter,Base Program - Refugee,28,Transitional,133,67.498500761576
Shelter,Winter Programs,103,Transitional,137,39.35236043762416
Top Bunk Contingency Space,Temporary Refugee Response,20,Emergency,64,41.73109519761056
Shelter,Temporary Refugee Response,115,Transitional,150,57.734899735078216
Shelter,Base Program - Refugee,58,Transitional,132,36.78002329543233
Shelter,Temporary Refugee Response,65,Emergency,117,2.6894209207966924
Top Bunk Contingency Space,Temporary Refugee Response,52,Emergency,120,94.52554355375469
Warming Centre,Base Shelter and Overnight Services System,65,Emergency,79,17.466361890546978
Warming Centre,Winter Programs,68,Transitional,77,95.27106757741421
Top Bunk Contingency Space,Winter Programs,71,Transitional,144,30.369127495214343
Top Bunk Contingency Space,Base Program - Refugee,49,Transitional,113,66.6192922508344
Warming Centre,Winter Programs,59,Transitional,137,35.27131711598486
24-Hour Respite Site,Base Program - Refugee,4,Transitional,53,88.45136775635183
Warming Centre,Temporary Refugee Response,39,Emergency,50,30.16050287988037
Top Bunk Contingency Space,Winter Programs,86,Emergency,112,54.54679010435939
Warming Centre,Temporary Refugee Response,77,Transitional,130,44.07270478550345
Warming Centre,Base Program - Refugee,37,Emergency,121,34.3152039218694
Top Bunk Contingency Space,Temporary Refugee Response,26,Transitional,84,35.31135329976678
24-Hour Respite Site,Temporary Refugee Response,52,Emergency,115,49.71231450326741
Warming Centre,Base Shelter and Overnight Services System,8,Transitional,29,50.96767877694219
24-Hour Respite Site,Base Program - Refugee,52,Transitional,129,5.845305300317705
Warming Centre,Winter Programs,70,Transitional,134,21.84217490721494
Shelter,Base Shelter and Overnight Services System,16,Transitional,65,12.464684760197997
Shelter,Winter Programs,12,Emergency,140,1.4305945252999663
Shelter,Base Program - Refugee,65,Transitional,146,97.40316311363131
Shelter,Temporary Refugee Response,8,Emergency,21,32.23333670757711
Top Bunk Contingency Space,Temporary Refugee Response,121,Emergency,131,77.1501010749489
24-Hour Respite Site,Temporary Refugee Response,40,Transitional,142,9.41838885191828
24-Hour Respite Site,Winter Programs,102,Emergency,108,92.78358730953187
Top Bunk Contingency Space,Base Program - Refugee,82,Emergency,149,98.70750615373254
24-Hour Respite Site,Winter Programs,58,Transitional,70,27.131680259481072
Shelter,Temporary Refugee Response,58,Transitional,115,26.85695025138557
Top Bunk Contingency Space,Winter Programs,53,Emergency,139,21.45295818336308
24-Hour Respite Site,Temporary Refugee Response,55,Emergency,72,45.960790500976145
Shelter,Base Shelter and Overnight Services System,68,Transitional,88,97.19618007075042
24-Hour Respite Site,Base Shelter and Overnight Services System,142,Emergency,146,37.62034249957651
Top Bunk Contingency Space,Winter Programs,30,Emergency,150,86.58445922192186
24-Hour Respite Site,Base Program - Refugee,66,Emergency,130,29.245094233192503
Top Bunk Contingency Space,Base Shelter and Overnight Services System,86,Transitional,143,60.75236208271235
Top Bunk Contingency Space,Winter Programs,47,Transitional,82,37.167715234681964
Top Bunk Contingency Space,Base Program - Refugee,12,Transitional,132,29.375819163396955
24-Hour Respite Site,Base Shelter and Overnight Services System,7,Transitional,9,25.85391157772392
24-Hour Respite Site,Base Shelter and Overnight Services System,55,Transitional,106,18.935926933772862
24-Hour Respite Site,Base Program - Refugee,5,Emergency,134,13.70688567403704
Warming Centre,Base Shelter and Overnight Services System,31,Emergency,125,83.5358361247927
Shelter,Winter Programs,60,Emergency,145,6.717629707418382
Warming Centre,Base Shelter and Overnight Services System,7,Emergency,103,85.65764450468123
Warming Centre,Base Shelter and Overnight Services System,58,Transitional,111,68.41871989890933
Shelter,Temporary Refugee Response,32,Emergency,39,64.72095556091517
24-Hour Respite Site,Base Program - Refugee,58,Emergency,115,34.00725112296641
Shelter,Winter Programs,132,Emergency,150,4.812694317661226
Shelter,Base Shelter and Overnight Services System,17,Emergency,138,10.482802195474505
Warming Centre,Winter Programs,43,Emergency,69,63.27918930910528
Shelter,Winter Programs,52,Emergency,79,44.19787717051804
Shelter,Temporary Refugee Response,42,Emergency,42,92.07208752632141
Top Bunk Contingency Space,Winter Programs,9,Transitional,131,1.4099889667704701
24-Hour Respite Site,Winter Programs,24,Transitional,92,86.4750258391723
Top Bunk Contingency Space,Temporary Refugee Response,6,Emergency,63,58.39249708224088
Shelter,Winter Programs,126,Transitional,148,33.66044575814158
24-Hour Respite Site,Temporary Refugee Response,80,Emergency,109,13.334120833314955
24-Hour Respite Site,Base Shelter and Overnight Services System,4,Transitional,42,40.36675477400422
Top Bunk Contingency Space,Base Program - Refugee,36,Emergency,124,90.11062504723668
Top Bunk Contingency Space,Winter Programs,121,Emergency,129,12.063288921490312
Top Bunk Contingency Space,Base Shelter and Overnight Services System,105,Emergency,117,4.386835917830467
Top Bunk Contingency Space,Winter Programs,5,Transitional,25,17.9716101847589
24-Hour Respite Site,Base Shelter and Overnight Services System,3,Transitional,22,71.11849992070347
Shelter,Winter Programs,4,Transitional,90,41.65405100211501
24-Hour Respite Site,Base Shelter and Overnight Services System,12,Transitional,133,51.0228852275759
Top Bunk Contingency Space,Base Shelter and Overnight Services System,8,Transitional,61,4.726052959449589
Top Bunk Contingency Space,Base Program - Refugee,99,Emergency,132,91.98751030489802
Shelter,Winter Programs,47,Transitional,131,4.737372673116624
24-Hour Respite Site,Winter Programs,8,Transitional,87,81.31934590637684
24-Hour Respite Site,Temporary Refugee Response,74,Transitional,93,76.50497111026198
24-Hour Respite Site,Base Program - Refugee,6,Emergency,138,87.46491989586502
Shelter,Temporary Refugee Response,12,Transitional,126,59.030867367982864
Shelter,Base Shelter and Overnight Services System,32,Transitional,65,76.48513119202107
24-Hour Respite Site,Winter Programs,42,Emergency,80,37.07353703211993
Warming Centre,Temporary Refugee Response,1,Emergency,65,83.5742344148457
24-Hour Respite Site,Base Program - Refugee,3,Transitional,100,21.031181747093797
Top Bunk Contingency Space,Winter Programs,113,Transitional,148,59.17247752659023
24-Hour Respite Site,Winter Programs,79,Transitional,132,30.634289886802435
Warming Centre,Temporary Refugee Response,18,Emergency,137,99.34853911399841
Shelter,Base Shelter and Overnight Services System,36,Transitional,129,18.17056678701192
Shelter,Base Shelter and Overnight Services System,21,Transitional,98,80.11272381991148
Top Bunk Contingency Space,Base Program - Refugee,30,Transitional,30,1.9515084102749825
24-Hour Respite Site,Temporary Refugee Response,5,Emergency,44,80.68009403068572
Top Bunk Contingency Space,Winter Programs,48,Transitional,71,93.20537499152124
Shelter,Temporary Refugee Response,17,Transitional,136,39.99090150464326
Top Bunk Contingency Space,Base Shelter and Overnight Services System,32,Emergency,42,33.465700899250805
24-Hour Respite Site,Base Program - Refugee,90,Emergency,106,38.98439225740731
Warming Centre,Temporary Refugee Response,10,Transitional,122,66.52177900541574
24-Hour Respite Site,Winter Programs,97,Transitional,117,80.29668985400349
Top Bunk Contingency Space,Base Shelter and Overnight Services System,110,Emergency,147,1.8994268495589495
Top Bunk Contingency Space,Base Shelter and Overnight Services System,47,Emergency,138,62.333623110316694
Warming Centre,Base Program - Refugee,16,Transitional,95,56.289002741687
Warming Centre,Winter Programs,54,Emergency,110,82.36814900301397
Warming Centre,Temporary Refugee Response,9,Transitional,142,78.45097871031612
24-Hour Respite Site,Temporary Refugee Response,60,Transitional,103,80.71676555555314
Warming Centre,Base Program - Refugee,21,Transitional,94,86.72193503007293
Warming Centre,Base Shelter and Overnight Services System,16,Transitional,36,21.488207578659058
24-Hour Respite Site,Winter Programs,14,Emergency,50,73.65166295785457
Top Bunk Contingency Space,Base Shelter and Overnight Services System,57,Transitional,138,74.89173065405339
Warming Centre,Base Program - Refugee,98,Transitional,146,11.659520491957664
Shelter,Base Shelter and Overnight Services System,0,Emergency,51,28.373483358882368
Warming Centre,Temporary Refugee Response,27,Transitional,38,48.22389055043459
Shelter,Temporary Refugee Response,76,Transitional,142,42.37467909697443
Warming Centre,Temporary Refugee Response,28,Transitional,30,3.7087378092110157
Shelter,Base Program - Refugee,77,Transitional,96,71.43339940812439
Shelter,Base Program - Refugee,71,Transitional,125,3.330162400379777
Warming Centre,Base Program - Refugee,69,Emergency,131,23.793031950481236
24-Hour Respite Site,Base Shelter and Overnight Services System,0,Transitional,135,29.980580951087177
Top Bunk Contingency Space,Base Shelter and Overnight Services System,87,Transitional,125,59.045114764012396
Top Bunk Contingency Space,Base Program - Refugee,63,Emergency,68,6.956655252724886
Shelter,Temporary Refugee Response,120,Emergency,123,64.46389111224562
Shelter,Base Program - Refugee,71,Transitional,92,25.43748007155955
Top Bunk Contingency Space,Base Program - Refugee,70,Emergency,111,75.89895222336054
Warming Centre,Base Program - Refugee,59,Transitional,84,27.904641209170222
Shelter,Temporary Refugee Response,97,Transitional,110,1.2408761540427804
Shelter,Winter Programs,39,Emergency,102,87.46327043045312
Top Bunk Contingency Space,Base Shelter and Overnight Services System,69,Emergency,91,91.0773865878582
24-Hour Respite Site,Base Shelter and Overnight Services System,13,Transitional,74,13.654596824198961
24-Hour Respite Site,Temporary Refugee Response,53,Emergency,113,72.70579494070262
Warming Centre,Base Shelter and Overnight Services System,73,Transitional,96,95.98335139453411
24-Hour Respite Site,Base Program - Refugee,64,Emergency,73,11.65046188980341
Warming Centre,Temporary Refugee Response,16,Emergency,100,32.48247511219233
Shelter,Base Program - Refugee,1,Emergency,16,80.15637982171029
24-Hour Respite Site,Base Program - Refugee,28,Emergency,142,15.768965426832438
Shelter,Temporary Refugee Response,6,Emergency,35,42.68168746493757
24-Hour Respite Site,Base Shelter and Overnight Services System,66,Emergency,123,32.79139099176973
Warming Centre,Base Shelter and Overnight Services System,15,Transitional,118,38.28984182327986
Warming Centre,Base Shelter and Overnight Services System,34,Transitional,70,89.58581457845867
Top Bunk Contingency Space,Base Shelter and Overnight Services System,18,Emergency,19,17.089631035923958
Top Bunk Contingency Space,Temporary Refugee Response,61,Emergency,105,80.52739449776709
24-Hour Respite Site,Base Program - Refugee,21,Emergency,78,7.812610175460577
24-Hour Respite Site,Base Shelter and Overnight Services System,52,Emergency,94,9.576576738618314
24-Hour Respite Site,Base Shelter and Overnight Services System,49,Emergency,144,13.59787336550653
Warming Centre,Winter Programs,3,Emergency,139,14.154306286945939
Warming Centre,Temporary Refugee Response,83,Transitional,107,99.09652993083
Shelter,Winter Programs,19,Emergency,22,96.83262091130018
24-Hour Respite Site,Base Program - Refugee,4,Emergency,124,97.57083675358444
Warming Centre,Base Shelter and Overnight Services System,119,Emergency,148,66.31985215935856
Top Bunk Contingency Space,Base Program - Refugee,31,Emergency,111,6.15856759250164
Warming Centre,Temporary Refugee Response,7,Emergency,68,69.56634190864861
Shelter,Base Shelter and Overnight Services System,61,Emergency,111,39.403449930250645
Shelter,Base Program - Refugee,29,Transitional,138,91.09737640246749
Shelter,Base Shelter and Overnight Services System,91,Transitional,111,73.27181946020573
Warming Centre,Base Program - Refugee,22,Transitional,113,28.834610036574304
Top Bunk Contingency Space,Base Shelter and Overnight Services System,12,Transitional,146,14.909688336774707
Warming Centre,Temporary Refugee Response,125,Transitional,144,77.35740111675113
Top Bunk Contingency Space,Temporary Refugee Response,20,Emergency,89,13.837104849517345
Shelter,Temporary Refugee Response,56,Emergency,127,0.2085586078464985
Warming Centre,Base Program - Refugee,90,Emergency,121,74.27988243289292
24-Hour Respite Site,Base Shelter and Overnight Services System,95,Emergency,105,72.45648209936917
Top Bunk Contingency Space,Temporary Refugee Response,19,Transitional,68,1.5498896362259984
Warming Centre,Base Shelter and Overnight Services System,81,Emergency,139,11.138592357747257
Top Bunk Contingency Space,Winter Programs,64,Emergency,117,20.954900654032826
Warming Centre,Winter Programs,65,Emergency,104,38.66040708962828
Top Bunk Contingency Space,Base Program - Refugee,56,Emergency,133,32.17969508841634
Warming Centre,Temporary Refugee Response,24,Emergency,141,88.09587790165097
Warming Centre,Base Program - Refugee,11,Transitional,18,1.9793350482359529
24-Hour Respite Site,Base Program - Refugee,37,Emergency,40,91.8597181327641
Shelter,Base Program - Refugee,64,Emergency,114,30.254906439222395
Shelter,Winter Programs,10,Emergency,34,61.735939513891935
24-Hour Respite Site,Temporary Refugee Response,56,Emergency,64,43.915534066036344
Top Bunk Contingency Space,Base Program - Refugee,61,Transitional,89,57.181179290637374
Warming Centre,Base Program - Refugee,85,Transitional,124,97.38263366743922
Top Bunk Contingency Space,Base Program - Refugee,5,Emergency,31,50.47228971961886
Warming Centre,Base Program - Refugee,59,Transitional,134,43.29336895607412
24-Hour Respite Site,Temporary Refugee Response,34,Transitional,90,27.78314498718828
Top Bunk Contingency Space,Base Program - Refugee,67,Transitional,81,84.05148687306792
Warming Centre,Base Program - Refugee,2,Emergency,99,20.969836274161935
Warming Centre,Temporary Refugee Response,39,Emergency,90,49.78941173758358
Warming Centre,Temporary Refugee Response,122,Transitional,132,0.6381240207701921
24-Hour Respite Site,Temporary Refugee Response,16,Emergency,38,33.082170225679874
Shelter,Base Program - Refugee,115,Emergency,118,57.07905695308
24-Hour Respite Site,Temporary Refugee Response,58,Emergency,97,56.87940092757344
24-Hour Respite Site,Base Shelter and Overnight Services System,88,Transitional,125,8.842749102041125
Top Bunk Contingency Space,Base Shelter and Overnight Services System,106,Transitional,131,78.91569046769291
Shelter,Temporary Refugee Response,79,Emergency,104,12.498893518932164
Warming Centre,Base Shelter and Overnight Services System,59,Emergency,84,87.78768952470273
24-Hour Respite Site,Winter Programs,28,Transitional,48,53.62506555393338
Top Bunk Contingency Space,Temporary Refugee Response,45,Emergency,125,75.00504143536091
Warming Centre,Winter Programs,89,Emergency,143,26.815230562351644
Warming Centre,Temporary Refugee Response,24,Emergency,67,68.7739577377215
Top Bunk Contingency Space,Base Shelter and Overnight Services System,29,Transitional,36,74.82410967350006
24-Hour Respite Site,Temporary Refugee Response,2,Transitional,39,38.78320739604533
Shelter,Base Shelter and Overnight Services System,89,Transitional,110,98.41415931005031
Warming Centre,Base Shelter and Overnight Services System,121,Emergency,148,93.92023815307766
24-Hour Respite Site,Winter Programs,46,Emergency,120,62.221442768350244
Top Bunk Contingency Space,Winter Programs,94,Transitional,147,4.576019640080631
Warming Centre,Base Shelter and Overnight Services System,77,Transitional,91,98.5120439901948
Top Bunk Contingency Space,Temporary Refugee Response,85,Emergency,90,54.5004571788013
Shelter,Winter Programs,20,Transitional,49,54.49631027877331
24-Hour Respite Site,Base Shelter and Overnight Services System,49,Transitional,90,76.9103002268821
Warming Centre,Base Program - Refugee,134,Emergency,147,92.45545319281518
Warming Centre,Temporary Refugee Response,60,Transitional,126,94.10962695255876
Shelter,Base Program - Refugee,22,Emergency,63,54.39579952508211
24-Hour Respite Site,Winter Programs,92,Emergency,108,75.5454605910927
Warming Centre,Base Shelter and Overnight Services System,78,Emergency,110,71.63339713588357
Warming Centre,Temporary Refugee Response,14,Transitional,64,79.98771010898054
Top Bunk Contingency Space,Temporary Refugee Response,72,Emergency,143,81.01074991282076
24-Hour Respite Site,Base Shelter and Overnight Services System,67,Emergency,113,21.892957133240998
Warming Centre,Winter Programs,71,Emergency,137,64.10106394905597
Top Bunk Contingency Space,Base Program - Refugee,47,Transitional,85,62.8627821104601
Top Bunk Contingency Space,Temporary Refugee Response,74,Transitional,118,41.57635949086398
Warming Centre,Winter Programs,21,Transitional,96,45.85789593402296
Top Bunk Contingency Space,Temporary Refugee Response,34,Transitional,62,39.86653171014041
24-Hour Respite Site,Winter Programs,23,Emergency,69,14.25866272766143
Warming Centre,Base Shelter and Overnight Services System,96,Transitional,144,92.32646287418902
Top Bunk Contingency Space,Temporary Refugee Response,115,Emergency,148,71.50725540705025
Warming Centre,Base Shelter and Overnight Services System,0,Transitional,72,73.3037190977484
24-Hour Respite Site,Base Shelter and Overnight Services System,106,Emergency,141,67.35344799235463
24-Hour Respite Site,Winter Programs,90,Transitional,105,50.55669518187642
Shelter,Base Program - Refugee,4,Transitional,46,47.11287554819137
Top Bunk Contingency Space,Winter Programs,1,Transitional,34,38.779396773315966
Shelter,Temporary Refugee Response,33,Transitional,98,52.56899637170136
Shelter,Winter Programs,53,Transitional,149,90.04842892754823
Shelter,Winter Programs,13,Emergency,127,30.757130170241
Warming Centre,Temporary Refugee Response,17,Transitional,131,43.47738798242062
Shelter,Winter Programs,54,Emergency,138,43.68532723747194
Warming Centre,Base Shelter and Overnight Services System,92,Emergency,139,59.5766534563154
24-Hour Respite Site,Temporary Refugee Response,65,Transitional,87,17.16105565428734
Warming Centre,Base Program - Refugee,107,Emergency,132,11.455398751422763
Warming Centre,Base Shelter and Overnight Services System,89,Transitional,140,3.687987383455038
Top Bunk Contingency Space,Temporary Refugee Response,34,Transitional,57,38.43938899226487
Shelter,Winter Programs,74,Emergency,127,77.09469108376652
Warming Centre,Base Program - Refugee,12,Transitional,44,3.2460598507896066
Warming Centre,Temporary Refugee Response,53,Emergency,138,9.460729011334479
Warming Centre,Base Program - Refugee,36,Transitional,65,10.520792729221284
24-Hour Respite Site,Winter Programs,17,Transitional,27,41.394529468379915
Top Bunk Contingency Space,Winter Programs,20,Emergency,116,61.91704741213471
Top Bunk Contingency Space,Base Program - Refugee,68,Emergency,129,10.65728694666177
Top Bunk Contingency Space,Winter Programs,13,Transitional,103,7.727628271095455
Top Bunk Contingency Space,Winter Programs,76,Transitional,122,10.185180883854628
Shelter,Winter Programs,87,Transitional,94,20.60783733613789
Top Bunk Contingency Space,Winter Programs,38,Transitional,124,31.357987062074244
24-Hour Respite Site,Base Shelter and Overnight Services System,2,Emergency,47,57.08684178534895
24-Hour Respite Site,Temporary Refugee Response,52,Emergency,56,48.56046836357564
Warming Centre,Winter Programs,51,Transitional,84,45.551969413645566
24-Hour Respite Site,Base Shelter and Overnight Services System,100,Transitional,130,55.71342327166349
Warming Centre,Temporary Refugee Response,68,Emergency,145,20.219616498798132
24-Hour Respite Site,Winter Programs,77,Emergency,123,43.17629805300385
Top Bunk Contingency Space,Base Shelter and Overnight Services System,90,Emergency,104,12.407784233801067
Warming Centre,Temporary Refugee Response,2,Emergency,130,60.29131971299648
24-Hour Respite Site,Base Program - Refugee,45,Emergency,75,19.482027017511427
24-Hour Respite Site,Base Program - Refugee,59,Emergency,138,69.05147333163768
Top Bunk Contingency Space,Base Program - Refugee,55,Transitional,65,11.346461367793381
Shelter,Winter Programs,106,Transitional,119,88.29859655816108
Warming Centre,Base Program - Refugee,17,Transitional,112,68.09491217136383
Shelter,Base Program - Refugee,67,Transitional,141,98.66886048112065
Warming Centre,Base Program - Refugee,139,Emergency,143,19.70825344324112
Top Bunk Contingency Space,Base Program - Refugee,5,Transitional,12,9.18689128011465
Top Bunk Contingency Space,Winter Programs,84,Emergency,91,32.334477081894875
24-Hour Respite Site,Base Program - Refugee,39,Emergency,95,67.79597527347505
Shelter,Base Shelter and Overnight Services System,55,Emergency,82,93.68469740729779
24-Hour Respite Site,Base Shelter and Overnight Services System,76,Emergency,142,63.03153571207076
Shelter,Winter Programs,62,Transitional,145,82.4612634954974
Shelter,Winter Programs,12,Transitional,64,15.8309435704723
Top Bunk Contingency Space,Winter Programs,26,Emergency,48,6.8286668276414275
24-Hour Respite Site,Temporary Refugee Response,102,Transitional,107,46.09295865520835
Top Bunk Contingency Space,Base Program - Refugee,18,Transitional,133,72.08103055600077
Warming Centre,Base Shelter and Overnight Services System,38,Transitional,77,39.918829523958266
Shelter,Base Program - Refugee,18,Transitional,66,12.559977057389915
Warming Centre,Base Program - Refugee,98,Emergency,106,27.791805868037045
24-Hour Respite Site,Winter Programs,49,Transitional,56,31.139966612681746
Warming Centre,Winter Programs,18,Emergency,18,37.011050805449486
24-Hour Respite Site,Base Program - Refugee,19,Emergency,60,17.816319363191724
Warming Centre,Base Program - Refugee,14,Transitional,47,35.14175903983414
Warming Centre,Winter Programs,77,Emergency,135,44.443022506311536
Warming Centre,Base Program - Refugee,59,Transitional,142,73.13285465352237
Shelter,Base Shelter and Overnight Services System,117,Transitional,142,52.41270449478179
Shelter,Winter Programs,25,Transitional,36,33.83686882443726
Warming Centre,Base Program - Refugee,65,Transitional,98,37.53011180087924
Warming Centre,Temporary Refugee Response,65,Emergency,90,53.9953482337296
Shelter,Temporary Refugee Response,59,Transitional,122,28.065943298861384
24-Hour Respite Site,Temporary Refugee Response,7,Emergency,126,69.66483904980123
Shelter,Temporary Refugee Response,24,Emergency,73,0.1908782171085477
Top Bunk Contingency Space,Temporary Refugee Response,36,Emergency,128,17.186084482818842
Shelter,Winter Programs,48,Emergency,108,12.671973649412394
24-Hour Respite Site,Base Program - Refugee,4,Emergency,132,40.74219285976142
24-Hour Respite Site,Temporary Refugee Response,104,Emergency,136,47.789859655313194
Warming Centre,Base Shelter and Overnight Services System,24,Transitional,97,13.777418527752161
Warming Centre,Temporary Refugee Response,34,Emergency,43,62.83696263562888
Top Bunk Contingency Space,Temporary Refugee Response,42,Transitional,125,37.8592255525291
Warming Centre,Base Shelter and Overnight Services System,8,Transitional,111,93.09159170370549
24-Hour Respite Site,Temporary Refugee Response,34,Emergency,65,40.618899604305625
Shelter,Temporary Refugee Response,50,Emergency,52,79.0797445224598
Warming Centre,Base Program - Refugee,66,Transitional,110,94.28168938029557
Shelter,Winter Programs,81,Emergency,125,20.474949409253895
Shelter,Winter Programs,53,Emergency,74,59.67051589395851
Top Bunk Contingency Space,Winter Programs,52,Transitional,107,44.46414434351027
Top Bunk Contingency Space,Base Shelter and Overnight Services System,85,Transitional,138,63.73329348862171
Warming Centre,Winter Programs,56,Emergency,140,84.94004260282964
Shelter,Base Program - Refugee,45,Transitional,45,42.981209233403206
24-Hour Respite Site,Base Program - Refugee,41,Transitional,50,14.48003351688385
Shelter,Base Shelter and Overnight Services System,8,Transitional,26,84.85017369966954
Shelter,Winter Programs,98,Transitional,137,29.480128758586943
Top Bunk Contingency Space,Winter Programs,14,Transitional,113,28.27726397663355
24-Hour Respite Site,Temporary Refugee Response,71,Emergency,112,86.69249108061194
Top Bunk Contingency Space,Temporary Refugee Response,26,Emergency,119,17.669357056729496
Top Bunk Contingency Space,Base Program - Refugee,69,Emergency,110,16.144617809914052
Shelter,Winter Programs,10,Transitional,28,69.45846606977284
Top Bunk Contingency Space,Winter Programs,114,Emergency,115,34.72502257209271
Shelter,Base Program - Refugee,45,Emergency,65,69.51115168631077
Warming Centre,Winter Programs,78,Transitional,80,40.93090540263802
Shelter,Base Program - Refugee,31,Transitional,146,57.89508919697255
Shelter,Temporary Refugee Response,132,Transitional,144,3.345443308353424
Top Bunk Contingency Space,Temporary Refugee Response,92,Transitional,126,56.70209093950689
Top Bunk Contingency Space,Winter Programs,20,Transitional,120,56.26546086277813
24-Hour Respite Site,Winter Programs,140,Emergency,146,92.26843051146716
24-Hour Respite Site,Temporary Refugee Response,73,Transitional,95,73.83330389857292
24-Hour Respite Site,Temporary Refugee Response,64,Transitional,97,60.542993969284
Shelter,Winter Programs,60,Transitional,139,5.963015207089484
Warming Centre,Base Shelter and Overnight Services System,16,Emergency,146,75.06210999563336
24-Hour Respite Site,Temporary Refugee Response,68,Transitional,79,80.84568325430155
Top Bunk Contingency Space,Base Program - Refugee,3,Transitional,50,69.31096808984876
Top Bunk Contingency Space,Base Program - Refugee,54,Emergency,57,55.46963207889348
Shelter,Base Shelter and Overnight Services System,29,Transitional,52,55.81234015990049
24-Hour Respite Site,Winter Programs,92,Transitional,113,31.286002695560455
Shelter,Base Program - Refugee,39,Transitional,78,71.71975304372609
Warming Centre,Winter Programs,9,Emergency,95,41.891993349418044
Shelter,Temporary Refugee Response,15,Emergency,49,14.41326744388789
24-Hour Respite Site,Winter Programs,68,Transitional,109,30.494685168378055
Top Bunk Contingency Space,Temporary Refugee Response,29,Emergency,55,69.83431044500321
Shelter,Temporary Refugee Response,26,Transitional,147,61.92590775899589
Shelter,Temporary Refugee Response,102,Transitional,143,8.84696701541543
Shelter,Temporary Refugee Response,39,Transitional,139,59.707428119145334
24-Hour Respite Site,Base Shelter and Overnight Services System,59,Emergency,84,86.26109790056944
Top Bunk Contingency Space,Base Program - Refugee,46,Emergency,85,59.95282721705735
Shelter,Base Program - Refugee,53,Emergency,131,25.290879607200623
Top Bunk Contingency Space,Winter Programs,10,Emergency,22,17.804646701551974
Warming Centre,Temporary Refugee Response,14,Emergency,29,6.009933934547007
Warming Centre,Winter Programs,55,Emergency,62,91.1323978099972
24-Hour Respite Site,Base Shelter and Overnight Services System,102,Emergency,127,58.08907609898597
Shelter,Winter Programs,61,Emergency,136,11.086105438880622
24-Hour Respite Site,Base Shelter and Overnight Services System,9,Emergency,48,17.25123638752848
Top Bunk Contingency Space,Winter Programs,2,Emergency,63,20.110331452451646
24-Hour Respite Site,Winter Programs,6,Emergency,49,57.00140555854887
Top Bunk Contingency Space,Winter Programs,56,Emergency,117,90.70619966369122
Warming Centre,Base Program - Refugee,148,Emergency,148,73.02708721254021
Warming Centre,Base Shelter and Overnight Services System,2,Emergency,2,82.53972074016929
Shelter,Winter Programs,121,Emergency,131,40.15832899603993
Shelter,Temporary Refugee Response,73,Transitional,98,62.86081618163735
Shelter,Winter Programs,64,Transitional,68,75.57646196801215
Top Bunk Contingency Space,Base Program - Refugee,28,Transitional,58,64.82543668244034
Warming Centre,Base Program - Refugee,28,Transitional,35,89.09553969278932
Shelter,Base Shelter and Overnight Services System,8,Transitional,16,33.25644885189831
Top Bunk Contingency Space,Winter Programs,87,Emergency,120,32.86774430889636
Top Bunk Contingency Space,Base Shelter and Overnight Services System,14,Emergency,18,31.469579925760627
Warming Centre,Winter Programs,42,Transitional,64,15.04155108705163
Shelter,Base Program - Refugee,56,Transitional,88,7.481195614673197
24-Hour Respite Site,Base Program - Refugee,23,Emergency,45,24.26151225809008
24-Hour Respite Site,Base Shelter and Overnight Services System,68,Emergency,138,96.70038924086839
Warming Centre,Base Program - Refugee,96,Emergency,128,75.7489904994145
Shelter,Winter Programs,7,Emergency,82,4.952382924966514
24-Hour Respite Site,Base Program - Refugee,61,Transitional,114,73.973991535604
Top Bunk Contingency Space,Temporary Refugee Response,58,Transitional,137,41.24156562611461
24-Hour Respite Site,Temporary Refugee Response,44,Emergency,144,1.7562896478921175
24-Hour Respite Site,Winter Programs,83,Emergency,135,70.46060517895967
Shelter,Base Shelter and Overnight Services System,69,Emergency,111,76.46086278837174
Warming Centre,Base Program - Refugee,78,Emergency,144,66.12606309354305
24-Hour Respite Site,Base Shelter and Overnight Services System,51,Emergency,79,53.68245334830135
Top Bunk Contingency Space,Base Program - Refugee,72,Transitional,78,52.06488110125065
Top Bunk Contingency Space,Temporary Refugee Response,92,Emergency,138,98.50536924786866
24-Hour Respite Site,Base Program - Refugee,28,Emergency,116,78.90563260298222
24-Hour Respite Site,Base Program - Refugee,20,Emergency,149,99.88788932096213
Shelter,Base Program - Refugee,54,Transitional,135,84.80184208601713
Warming Centre,Base Program - Refugee,29,Emergency,49,34.51459230855107
Top Bunk Contingency Space,Base Shelter and Overnight Services System,88,Transitional,138,73.40528503991663
Warming Centre,Temporary Refugee Response,118,Emergency,125,6.0152295511215925
Top Bunk Contingency Space,Base Shelter and Overnight Services System,18,Transitional,31,2.729990635998547
Shelter,Base Shelter and Overnight Services System,33,Transitional,108,42.65951123088598
Warming Centre,Base Shelter and Overnight Services System,40,Emergency,101,14.062926173210144
Shelter,Winter Programs,112,Emergency,133,94.90628510247916
Warming Centre,Winter Programs,61,Emergency,133,7.992823631502688
24-Hour Respite Site,Base Shelter and Overnight Services System,38,Emergency,143,94.58051717374474
Shelter,Base Shelter and Overnight Services System,106,Emergency,109,65.26360809803009
24-Hour Respite Site,Base Shelter and Overnight Services System,34,Emergency,73,71.35714127216488
Shelter,Temporary Refugee Response,94,Transitional,95,60.641553555615246
Warming Centre,Temporary Refugee Response,62,Transitional,120,22.611475083976984
Shelter,Base Program - Refugee,49,Emergency,121,41.9506759615615
24-Hour Respite Site,Temporary Refugee Response,8,Transitional,43,17.468454502522945
Shelter,Winter Programs,57,Transitional,91,92.65829946380109
Shelter,Base Program - Refugee,100,Transitional,140,94.28523466922343
Warming Centre,Base Program - Refugee,88,Emergency,95,87.96555711887777
Shelter,Winter Programs,8,Emergency,74,85.99667064845562
Shelter,Temporary Refugee Response,39,Emergency,81,2.84528776537627
Top Bunk Contingency Space,Base Program - Refugee,62,Emergency,97,24.869855772703886
Shelter,Winter Programs,23,Transitional,124,77.35356227494776
Warming Centre,Base Program - Refugee,87,Transitional,117,34.059154032729566
Top Bunk Contingency Space,Base Shelter and Overnight Services System,11,Emergency,44,59.0493286261335
Top Bunk Contingency Space,Temporary Refugee Response,87,Emergency,102,49.69805085565895
Shelter,Base Program - Refugee,96,Transitional,145,52.44054014328867
24-Hour Respite Site,Temporary Refugee Response,76,Transitional,80,37.80237641185522
Shelter,Winter Programs,69,Transitional,72,61.84923101682216
Top Bunk Contingency Space,Base Program - Refugee,25,Emergency,147,7.557013281621039
24-Hour Respite Site,Base Program - Refugee,92,Emergency,94,94.13929376751184
Shelter,Winter Programs,105,Emergency,147,3.6817729473114014
24-Hour Respite Site,Base Program - Refugee,38,Transitional,84,17.1506509417668
24-Hour Respite Site,Temporary Refugee Response,35,Transitional,113,51.596513274125755
Top Bunk Contingency Space,Base Program - Refugee,43,Emergency,123,92.8223148919642
Top Bunk Contingency Space,Winter Programs,74,Emergency,150,18.243982759304345
Warming Centre,Base Shelter and Overnight Services System,35,Emergency,138,91.7743545724079
24-Hour Respite Site,Base Program - Refugee,59,Emergency,86,60.856871120631695
Warming Centre,Temporary Refugee Response,15,Emergency,150,57.932228478603065
Top Bunk Contingency Space,Winter Programs,3,Transitional,48,55.28713874518871
24-Hour Respite Site,Temporary Refugee Response,27,Transitional,105,4.402798833325505
Top Bunk Contingency Space,Winter Programs,70,Transitional,136,98.82026170380414
Shelter,Base Shelter and Overnight Services System,38,Transitional,122,83.64469325169921
24-Hour Respite Site,Base Shelter and Overnight Services System,56,Transitional,99,38.580860989168286
24-Hour Respite Site,Temporary Refugee Response,2,Transitional,60,48.661101469770074
Shelter,Base Program - Refugee,37,Emergency,69,58.35683303885162
Top Bunk Contingency Space,Temporary Refugee Response,7,Emergency,33,45.71023043245077
Warming Centre,Base Shelter and Overnight Services System,59,Transitional,62,24.770487169735134
Warming Centre,Temporary Refugee Response,0,Emergency,127,19.98821410816163
24-Hour Respite Site,Base Program - Refugee,37,Transitional,116,43.0933183291927
Warming Centre,Winter Programs,41,Emergency,130,41.91128732636571
Warming Centre,Base Shelter and Overnight Services System,5,Emergency,40,38.22500784881413
Shelter,Winter Programs,70,Transitional,120,44.76596498861909
Shelter,Base Program - Refugee,31,Transitional,80,62.107206019572914
24-Hour Respite Site,Winter Programs,28,Transitional,125,66.91357691306621
24-Hour Respite Site,Base Shelter and Overnight Services System,107,Transitional,148,98.31255711615086
Warming Centre,Base Shelter and Overnight Services System,5,Emergency,19,7.16045037843287
Top Bunk Contingency Space,Base Shelter and Overnight Services System,101,Transitional,108,25.473967962898314
Warming Centre,Base Shelter and Overnight Services System,6,Emergency,141,62.878070562146604
Top Bunk Contingency Space,Base Program - Refugee,40,Emergency,107,15.667188027873635
24-Hour Respite Site,Base Shelter and Overnight Services System,105,Emergency,110,35.54406214971095
Shelter,Temporary Refugee Response,14,Emergency,71,93.33946690894663
Top Bunk Contingency Space,Winter Programs,72,Emergency,139,62.46918439865112
Top Bunk Contingency Space,Base Shelter and Overnight Services System,79,Transitional,92,56.175194843672216
24-Hour Respite Site,Base Program - Refugee,89,Transitional,89,50.6273454753682
24-Hour Respite Site,Base Program - Refugee,44,Emergency,148,94.72683116327971
24-Hour Respite Site,Base Program - Refugee,0,Emergency,135,81.54223596211523
Top Bunk Contingency Space,Base Program - Refugee,123,Transitional,144,36.788563965819776
Shelter,Temporary Refugee Response,78,Transitional,96,93.80877180956304
Shelter,Base Shelter and Overnight Services System,30,Emergency,34,81.3228104962036
Shelter,Winter Programs,1,Emergency,98,21.569084655493498
Shelter,Base Shelter and Overnight Services System,18,Emergency,94,84.58046854939312
Warming Centre,Winter Programs,14,Transitional,95,59.72347389906645
Warming Centre,Winter Programs,6,Emergency,9,29.368199431337416
24-Hour Respite Site,Base Shelter and Overnight Services System,17,Transitional,48,15.292512089945376
Top Bunk Contingency Space,Base Program - Refugee,118,Transitional,150,41.56975036021322
Warming Centre,Base Program - Refugee,128,Transitional,134,27.872385317459702
Top Bunk Contingency Space,Base Program - Refugee,99,Transitional,133,33.83467544335872
Shelter,Temporary Refugee Response,2,Emergency,108,15.853889449499547
Top Bunk Contingency Space,Temporary Refugee Response,37,Transitional,83,98.74396671075374
Top Bunk Contingency Space,Base Shelter and Overnight Services System,63,Emergency,87,84.97674877289683
24-Hour Respite Site,Base Shelter and Overnight Services System,112,Transitional,130,12.97144191339612
Warming Centre,Base Shelter and Overnight Services System,3,Emergency,34,25.927630066871643
24-Hour Respite Site,Winter Programs,45,Transitional,150,33.400771487504244
Warming Centre,Base Program - Refugee,50,Transitional,64,75.70666950196028
Shelter,Base Program - Refugee,70,Transitional,147,28.289493080228567
Shelter,Temporary Refugee Response,52,Transitional,125,9.332930552773178
24-Hour Respite Site,Temporary Refugee Response,75,Emergency,95,69.17969065252692
Warming Centre,Base Program - Refugee,20,Transitional,133,31.04692578781396
Warming Centre,Base Program - Refugee,43,Emergency,104,95.11357797309756
Top Bunk Contingency Space,Base Shelter and Overnight Services System,41,Emergency,126,81.96248330641538
Shelter,Winter Programs,29,Emergency,64,96.9196840422228
Top Bunk Contingency Space,Base Shelter and Overnight Services System,57,Transitional,92,53.43947478104383
Warming Centre,Base Shelter and Overnight Services System,129,Emergency,145,43.494828045368195
Warming Centre,Base Shelter and Overnight Services System,115,Emergency,140,9.149040421471
Top Bunk Contingency Space,Base Shelter and Overnight Services System,45,Transitional,60,23.668764368630946
Shelter,Base Shelter and Overnight Services System,102,Transitional,128,73.89374084305018
Shelter,Winter Programs,20,Emergency,57,32.955381367355585
Shelter,Base Program - Refugee,128,Transitional,129,42.44854869320989
Top Bunk Contingency Space,Temporary Refugee Response,58,Emergency,97,14.75862122606486
Shelter,Base Shelter and Overnight Services System,31,Emergency,125,38.203008263371885
24-Hour Respite Site,Base Program - Refugee,20,Emergency,111,1.115511986427009
Shelter,Base Program - Refugee,68,Transitional,120,8.856020704843104
Warming Centre,Temporary Refugee Response,34,Emergency,125,32.47795654460788
Warming Centre,Base Shelter and Overnight Services System,30,Transitional,72,25.383144803345203
Top Bunk Contingency Space,Base Program - Refugee,42,Emergency,64,55.51056882832199
Top Bunk Contingency Space,Base Program - Refugee,6,Transitional,33,67.77001502923667
Top Bunk Contingency Space,Base Shelter and Overnight Services System,112,Transitional,132,56.64005032740533
Warming Centre,Base Program - Refugee,79,Emergency,83,84.4102124683559
Warming Centre,Base Program - Refugee,108,Transitional,117,49.76259381510317
Top Bunk Contingency Space,Base Shelter and Overnight Services System,25,Emergency,61,78.6518614506349
24-Hour Respite Site,Winter Programs,26,Transitional,92,89.07468440011144
Shelter,Base Shelter and Overnight Services System,28,Transitional,123,5.495716445147991
Warming Centre,Base Shelter and Overnight Services System,96,Transitional,135,69.31491214782
Warming Centre,Base Program - Refugee,89,Transitional,141,87.22141324542463
Shelter,Winter Programs,107,Emergency,107,92.86634577438235
Shelter,Winter Programs,66,Emergency,142,82.28685529902577
Warming Centre,Winter Programs,23,Transitional,146,67.31776450760663
Top Bunk Contingency Space,Winter Programs,33,Transitional,72,68.14901486504823
Warming Centre,Base Program - Refugee,92,Emergency,143,1.1854491895064712
Top Bunk Contingency Space,Base Program - Refugee,28,Transitional,90,18.807054171338677
Top Bunk Contingency Space,Temporary Refugee Response,14,Transitional,52,25.785994064062834
Top Bunk Contingency Space,Temporary Refugee Response,113,Emergency,125,19.612702121958137
Shelter,Base Program - Refugee,128,Transitional,129,34.05948895961046
Warming Centre,Base Program - Refugee,119,Transitional,126,17.49656160827726
Top Bunk Contingency Space,Base Shelter and Overnight Services System,2,Transitional,13,93.76820889301598
Warming Centre,Winter Programs,82,Transitional,99,8.627994754351676
Warming Centre,Base Shelter and Overnight Services System,38,Emergency,74,61.992875463329256
Shelter,Winter Programs,81,Emergency,135,51.301263249479234
Warming Centre,Temporary Refugee Response,8,Emergency,77,76.57457399182022
Shelter,Temporary Refugee Response,108,Emergency,137,51.57194675412029
Shelter,Base Shelter and Overnight Services System,0,Emergency,94,57.01548473443836
24-Hour Respite Site,Base Program - Refugee,131,Emergency,134,82.9409871948883
24-Hour Respite Site,Base Shelter and Overnight Services System,35,Transitional,55,31.115915696136653
Top Bunk Contingency Space,Winter Programs,14,Emergency,47,18.39072252623737
24-Hour Respite Site,Base Shelter and Overnight Services System,4,Emergency,27,73.97632282227278
Top Bunk Contingency Space,Temporary Refugee Response,43,Emergency,137,41.56104682479054
Warming Centre,Winter Programs,26,Emergency,75,25.987436110153794
Top Bunk Contingency Space,Winter Programs,16,Emergency,43,97.90399440098554
Shelter,Temporary Refugee Response,52,Transitional,92,64.01410992257297
Top Bunk Contingency Space,Temporary Refugee Response,6,Transitional,16,2.6552330469712615
24-Hour Respite Site,Base Program - Refugee,10,Emergency,20,93.90051544178277
Warming Centre,Temporary Refugee Response,81,Transitional,108,79.06141716521233
Top Bunk Contingency Space,Base Program - Refugee,10,Emergency,61,91.76450858358294
Top Bunk Contingency Space,Base Program - Refugee,34,Emergency,150,32.60720812249929
Shelter,Base Shelter and Overnight Services System,5,Transitional,24,54.62896905373782
Top Bunk Contingency Space,Base Program - Refugee,79,Emergency,148,25.016612256877124
Shelter,Base Shelter and Overnight Services System,43,Emergency,129,8.646502112969756
Warming Centre,Temporary Refugee Response,1,Transitional,71,2.611395507119596
24-Hour Respite Site,Winter Programs,101,Transitional,145,50.180557765997946
Top Bunk Contingency Space,Winter Programs,3,Transitional,40,34.88973381463438
Top Bunk Contingency Space,Base Shelter and Overnight Services System,1,Emergency,29,56.84060328640044
Warming Centre,Temporary Refugee Response,119,Transitional,142,76.34794129990041
Top Bunk Contingency Space,Temporary Refugee Response,95,Emergency,134,91.9587364885956
Top Bunk Contingency Space,Winter Programs,26,Transitional,83,12.448678980581462
Warming Centre,Winter Programs,117,Emergency,143,97.03244224656373
24-Hour Respite Site,Base Program - Refugee,16,Transitional,75,10.053840489126742
Shelter,Temporary Refugee Response,97,Transitional,108,28.360856464132667
Warming Centre,Temporary Refugee Response,67,Emergency,116,82.31843349058181
24-Hour Respite Site,Base Program - Refugee,15,Transitional,21,46.84426272287965
24-Hour Respite Site,Base Program - Refugee,51,Emergency,100,34.555624914355576
Shelter,Winter Programs,46,Transitional,106,78.9354526437819
Shelter,Base Shelter and Overnight Services System,53,Emergency,72,22.67930021043867
Shelter,Base Shelter and Overnight Services System,65,Emergency,75,31.617492833174765
Top Bunk Contingency Space,Winter Programs,73,Transitional,77,99.78906041942537
Warming Centre,Winter Programs,138,Transitional,149,58.51701223291457
Warming Centre,Winter Programs,20,Transitional,146,59.91178744006902
Warming Centre,Base Shelter and Overnight Services System,13,Emergency,150,33.58743926510215
Top Bunk Contingency Space,Base Shelter and Overnight Services System,59,Transitional,150,65.88518836069852
Warming Centre,Winter Programs,69,Emergency,79,47.120886808261275
24-Hour Respite Site,Winter Programs,30,Emergency,109,54.70417067408562
24-Hour Respite Site,Base Shelter and Overnight Services System,12,Emergency,36,36.5453575970605
Warming Centre,Temporary Refugee Response,12,Emergency,70,76.85630419291556
24-Hour Respite Site,Temporary Refugee Response,144,Emergency,147,35.16701739281416
Warming Centre,Temporary Refugee Response,129,Transitional,140,28.076697303913534
Shelter,Base Shelter and Overnight Services System,98,Emergency,112,72.27153715211898
Top Bunk Contingency Space,Winter Programs,101,Transitional,110,95.5712023191154
24-Hour Respite Site,Winter Programs,40,Emergency,79,16.347500891424716
Shelter,Winter Programs,18,Emergency,104,92.25491280667484
24-Hour Respite Site,Base Program - Refugee,4,Emergency,119,59.97850026469678
24-Hour Respite Site,Base Shelter and Overnight Services System,48,Transitional,143,28.672535670921206
Warming Centre,Base Shelter and Overnight Services System,113,Transitional,148,3.398566320538521
Shelter,Temporary Refugee Response,15,Emergency,67,32.98789425753057
Warming Centre,Base Program - Refugee,119,Emergency,123,85.07866291329265
24-Hour Respite Site,Base Shelter and Overnight Services System,2,Emergency,103,18.892387091182172
Shelter,Temporary Refugee Response,78,Transitional,81,6.113540567457676
Shelter,Base Program - Refugee,32,Emergency,149,43.32904447801411
Warming Centre,Base Shelter and Overnight Services System,90,Emergency,112,42.497620335780084
Warming Centre,Base Shelter and Overnight Services System,103,Transitional,121,29.395296378061175
24-Hour Respite Site,Base Shelter and Overnight Services System,123,Transitional,124,31.35767716448754
Top Bunk Contingency Space,Winter Programs,74,Transitional,134,9.106801101006567
24-Hour Respite Site,Winter Programs,21,Transitional,28,42.25544738583267
Shelter,Winter Programs,63,Transitional,146,95.13474826235324
Shelter,Winter Programs,80,Transitional,149,77.22531561739743
Warming Centre,Temporary Refugee Response,31,Transitional,47,40.0770781096071
Shelter,Base Shelter and Overnight Services System,24,Transitional,121,59.67666511423886
Warming Centre,Base Program - Refugee,29,Emergency,64,43.44128388911486
24-Hour Respite Site,Temporary Refugee Response,23,Transitional,72,1.506060129031539
Shelter,Base Program - Refugee,98,Transitional,149,47.37779882270843
Warming Centre,Temporary Refugee Response,74,Transitional,134,10.407746955752373
24-Hour Respite Site,Winter Programs,1,Emergency,136,20.737955952063203
Shelter,Winter Programs,35,Transitional,99,83.65846979431808
Shelter,Base Shelter and Overnight Services System,37,Emergency,141,30.256909760646522
Warming Centre,Temporary Refugee Response,90,Emergency,129,60.25433971080929
24-Hour Respite Site,Base Program - Refugee,68,Emergency,120,11.499034543521702
Top Bunk Contingency Space,Winter Programs,5,Emergency,113,73.47740442492068
Top Bunk Contingency Space,Temporary Refugee Response,98,Transitional,111,66.93238208536059
Shelter,Winter Programs,13,Emergency,119,24.75795370992273
Shelter,Winter Programs,6,Emergency,62,87.62523117475212
24-Hour Respite Site,Base Program - Refugee,137,Emergency,149,87.48446155805141
Shelter,Temporary Refugee Response,39,Transitional,68,34.706979687325656
Top Bunk Contingency Space,Temporary Refugee Response,35,Emergency,114,78.76206897199154
Shelter,Winter Programs,9,Transitional,64,70.14396439772099
Shelter,Base Program - Refugee,115,Emergency,115,27.400491083972156
Top Bunk Contingency Space,Winter Programs,80,Emergency,90,66.90614488907158
24-Hour Respite Site,Base Program - Refugee,20,Emergency,83,42.159660533070564
Top Bunk Contingency Space,Temporary Refugee Response,1,Transitional,25,64.01113555766642
Top Bunk Contingency Space,Base Shelter and Overnight Services System,15,Emergency,111,49.141895095817745
Warming Centre,Base Program - Refugee,45,Transitional,88,29.75444772746414
Warming Centre,Base Program - Refugee,47,Emergency,90,69.65121512766927
Warming Centre,Winter Programs,16,Emergency,91,33.23309242259711
24-Hour Respite Site,Base Shelter and Overnight Services System,44,Transitional,115,25.540649751201272
Warming Centre,Base Shelter and Overnight Services System,35,Emergency,123,63.03299630526453
Warming Centre,Temporary Refugee Response,46,Transitional,71,71.88382875174284
Top Bunk Contingency Space,Base Shelter and Overnight Services System,1,Transitional,13,74.23002044670284
24-Hour Respite Site,Base Program - Refugee,66,Emergency,129,51.978805218823254
Shelter,Base Program - Refugee,52,Transitional,90,38.6586984153837
Top Bunk Contingency Space,Winter Programs,70,Emergency,130,57.95580628328025
Top Bunk Contingency Space,Winter Programs,78,Emergency,133,45.42058629449457
Shelter,Temporary Refugee Response,18,Transitional,50,31.371913547627628
Top Bunk Contingency Space,Winter Programs,6,Transitional,70,27.530217682942748
Top Bunk Contingency Space,Base Program - Refugee,75,Emergency,95,45.15352563466877
24-Hour Respite Site,Base Shelter and Overnight Services System,3,Transitional,88,19.355847709812224
Warming Centre,Base Program - Refugee,12,Emergency,103,26.824569515883923
Warming Centre,Winter Programs,31,Emergency,44,62.89170973468572
24-Hour Respite Site,Base Shelter and Overnight Services System,64,Emergency,107,80.77859745826572
Warming Centre,Winter Programs,18,Transitional,93,53.02558515686542
24-Hour Respite Site,Temporary Refugee Response,52,Emergency,106,99.00149207096547
Warming Centre,Base Program - Refugee,0,Emergency,127,74.72190668340772
Shelter,Base Shelter and Overnight Services System,55,Emergency,127,73.00400652457029
Warming Centre,Base Shelter and Overnight Services System,28,Transitional,42,56.48692382965237
Warming Centre,Winter Programs,1,Emergency,122,71.28411587327719
Warming Centre,Temporary Refugee Response,62,Emergency,107,78.01264130976051
Warming Centre,Base Shelter and Overnight Services System,119,Emergency,142,19.614723254926503
Top Bunk Contingency Space,Base Shelter and Overnight Services System,100,Emergency,138,25.15125300269574
Shelter,Base Shelter and Overnight Services System,8,Emergency,44,14.526113239116967
Warming Centre,Base Program - Refugee,49,Emergency,108,58.00093507859856
Shelter,Base Shelter and Overnight Services System,24,Emergency,128,32.898419559933245
Shelter,Temporary Refugee Response,72,Transitional,79,85.97031531389803
Shelter,Winter Programs,48,Transitional,61,25.114332931116223
Top Bunk Contingency Space,Base Program - Refugee,71,Emergency,118,56.818400393240154
Warming Centre,Winter Programs,27,Transitional,123,55.30592517461628
Top Bunk Contingency Space,Temporary Refugee Response,20,Emergency,127,54.00200388394296
Shelter,Winter Programs,37,Transitional,143,64.9792289827019
24-Hour Respite Site,Temporary Refugee Response,110,Emergency,120,25.963352085091174
24-Hour Respite Site,Winter Programs,26,Transitional,101,19.481342541985214
Shelter,Temporary Refugee Response,112,Emergency,147,31.360383657738566
Shelter,Base Shelter and Overnight Services System,23,Emergency,32,85.78378341626376
Top Bunk Contingency Space,Base Program - Refugee,128,Emergency,149,37.60001801420003
Shelter,Winter Programs,56,Emergency,125,33.346236357465386
Shelter,Base Program - Refugee,10,Transitional,15,94.75457724183798
Shelter,Winter Programs,19,Transitional,84,5.031902366317809
24-Hour Respite Site,Temporary Refugee Response,17,Transitional,87,14.648077730089426
Shelter,Temporary Refugee Response,60,Emergency,112,45.91555397491902
24-Hour Respite Site,Temporary Refugee Response,59,Transitional,147,85.24685697630048
Warming Centre,Base Shelter and Overnight Services System,13,Transitional,109,23.015835066325963
Warming Centre,Base Shelter and Overnight Services System,46,Transitional,74,35.22821275983006
24-Hour Respite Site,Base Program - Refugee,38,Transitional,43,32.52579043619335
Shelter,Base Shelter and Overnight Services System,54,Transitional,71,38.93276178278029
Shelter,Winter Programs,9,Emergency,103,24.63964931666851
Top Bunk Contingency Space,Base Program - Refugee,122,Emergency,124,31.402104976586998
Shelter,Base Shelter and Overnight Services System,8,Emergency,30,85.74104998260736
Shelter,Base Program - Refugee,127,Transitional,137,23.318152967840433
24-Hour Respite Site,Base Program - Refugee,11,Transitional,38,84.79918325319886
Shelter,Temporary Refugee Response,58,Transitional,146,75.05512721836567
Shelter,Winter Programs,8,Transitional,82,93.06805497035384
Warming Centre,Base Program - Refugee,4,Emergency,65,56.98603328783065
Warming Centre,Temporary Refugee Response,62,Emergency,127,3.4409755375236273
Shelter,Winter Programs,36,Transitional,145,68.16383902914822
Shelter,Base Program - Refugee,4,Emergency,79,54.197201249189675
Warming Centre,Winter Programs,2,Transitional,55,59.64953899383545
Warming Centre,Base Shelter and Overnight Services System,11,Transitional,21,88.51178553886712
Warming Centre,Temporary Refugee Response,24,Emergency,45,12.094712653197348
Top Bunk Contingency Space,Temporary Refugee Response,56,Emergency,63,65.53160001058131
Shelter,Temporary Refugee Response,57,Transitional,141,34.01810887735337
Shelter,Base Program - Refugee,37,Emergency,74,89.49656940530986
Warming Centre,Base Shelter and Overnight Services System,69,Emergency,130,63.16176138352603
Top Bunk Contingency Space,Winter Programs,5,Emergency,57,98.8337061367929
24-Hour Respite Site,Winter Programs,19,Emergency,107,34.466980723664165
24-Hour Respite Site,Base Program - Refugee,51,Transitional,130,22.245873999781907
Shelter,Winter Programs,31,Transitional,83,71.02240098174661
Top Bunk Contingency Space,Base Program - Refugee,65,Transitional,74,49.730560183525085
24-Hour Respite Site,Base Program - Refugee,107,Emergency,135,27.15857808943838
Warming Centre,Base Shelter and Overnight Services System,109,Emergency,137,6.280425121076405
Top Bunk Contingency Space,Temporary Refugee Response,19,Emergency,123,42.2623188002035
24-Hour Respite Site,Winter Programs,66,Emergency,83,25.605551339685917
Top Bunk Contingency Space,Winter Programs,113,Emergency,138,3.1023231334984303
Top Bunk Contingency Space,Base Program - Refugee,29,Emergency,33,7.301206793636084
24-Hour Respite Site,Base Program - Refugee,16,Transitional,104,18.531099264509976
Warming Centre,Temporary Refugee Response,35,Transitional,56,67.84538619685918
Warming Centre,Winter Programs,97,Emergency,97,69.88742675166577
24-Hour Respite Site,Base Shelter and Overnight Services System,59,Emergency,125,56.71189913991839
Top Bunk Contingency Space,Temporary Refugee Response,19,Emergency,73,22.224851441569626
Top Bunk Contingency Space,Winter Programs,57,Emergency,102,82.58371993433684
24-Hour Respite Site,Base Shelter and Overnight Services System,63,Transitional,128,83.6938836844638
Shelter,Base Program - Refugee,100,Emergency,109,16.641597845591605
Shelter,Base Shelter and Overnight Services System,29,Emergency,103,41.5561105357483
Warming Centre,Temporary Refugee Response,56,Emergency,83,76.55650379601866
Shelter,Base Shelter and Overnight Services System,39,Emergency,101,96.92675215192139
Top Bunk Contingency Space,Base Shelter and Overnight Services System,34,Emergency,137,91.0661717876792
24-Hour Respite Site,Base Shelter and Overnight Services System,34,Transitional,72,4.214098723605275
Warming Centre,Winter Programs,56,Emergency,102,11.805825610645115
Top Bunk Contingency Space,Temporary Refugee Response,42,Transitional,92,94.11693818401545
24-Hour Respite Site,Temporary Refugee Response,28,Transitional,86,40.749852173030376
Warming Centre,Temporary Refugee Response,80,Emergency,84,87.75659797247499
Top Bunk Contingency Space,Temporary Refugee Response,81,Transitional,125,37.60481413919479
Warming Centre,Base Program - Refugee,45,Emergency,46,36.02938598487526
Top Bunk Contingency Space,Temporary Refugee Response,84,Emergency,112,36.37257209047675
Top Bunk Contingency Space,Base Shelter and Overnight Services System,96,Emergency,119,0.1635520253330469
24-Hour Respite Site,Winter Programs,33,Transitional,52,9.664378897286952
Warming Centre,Base Shelter and Overnight Services System,18,Transitional,134,16.31596004590392
Top Bunk Contingency Space,Temporary Refugee Response,2,Emergency,84,26.418065442703664
Warming Centre,Winter Programs,93,Transitional,149,54.13967145141214
Top Bunk Contingency Space,Base Program - Refugee,26,Emergency,103,30.54324530530721
Shelter,Winter Programs,62,Emergency,95,97.80591705348343
Warming Centre,Base Shelter and Overnight Services System,35,Transitional,46,8.022006088867784
Shelter,Temporary Refugee Response,83,Transitional,96,73.934708815068
Warming Centre,Winter Programs,17,Emergency,21,2.680155890993774
Shelter,Base Program - Refugee,95,Transitional,145,99.90313490852714
Top Bunk Contingency Space,Base Shelter and Overnight Services System,16,Emergency,150,65.9505556570366
Top Bunk Contingency Space,Temporary Refugee Response,69,Emergency,101,52.402272750623524
Shelter,Base Shelter and Overnight Services System,32,Transitional,33,90.43474046047777
24-Hour Respite Site,Temporary Refugee Response,34,Transitional,56,67.16020083986223
24-Hour Respite Site,Base Shelter and Overnight Services System,0,Transitional,54,32.30693261139095
24-Hour Respite Site,Base Program - Refugee,69,Emergency,108,26.28461574204266
24-Hour Respite Site,Temporary Refugee Response,48,Transitional,142,38.15563526004553
24-Hour Respite Site,Winter Programs,43,Emergency,95,57.943428377620876
24-Hour Respite Site,Base Program - Refugee,21,Emergency,33,86.41311677638441
Top Bunk Contingency Space,Base Program - Refugee,77,Emergency,84,91.4395000319928
Shelter,Base Shelter and Overnight Services System,64,Emergency,74,51.98261726181954
Shelter,Base Shelter and Overnight Services System,86,Transitional,86,87.68365257419646
Warming Centre,Temporary Refugee Response,131,Emergency,137,17.98296628985554
Top Bunk Contingency Space,Winter Programs,37,Transitional,84,53.08709817472845
Warming Centre,Temporary Refugee Response,42,Emergency,142,59.545758250169456
Warming Centre,Winter Programs,57,Transitional,101,70.5320751061663
Top Bunk Contingency Space,Winter Programs,77,Transitional,100,55.94746582210064
24-Hour Respite Site,Base Shelter and Overnight Services System,13,Emergency,78,57.252708286978304
Top Bunk Contingency Space,Winter Programs,26,Emergency,90,28.061519470065832
Shelter,Temporary Refugee Response,65,Transitional,82,46.45447658840567
24-Hour Respite Site,Winter Programs,13,Transitional,79,6.680921581573784
24-Hour Respite Site,Temporary Refugee Response,9,Emergency,75,28.60379123594612
Warming Centre,Winter Programs,22,Emergency,23,3.015971928834915
Top Bunk Contingency Space,Base Program - Refugee,82,Transitional,140,30.95472794957459
Top Bunk Contingency Space,Temporary Refugee Response,41,Emergency,93,95.80259821377695
24-Hour Respite Site,Winter Programs,78,Emergency,86,33.23833516333252
Warming Centre,Winter Programs,27,Transitional,74,10.162041941657662
Shelter,Base Shelter and Overnight Services System,131,Emergency,146,44.97376321814954
Warming Centre,Base Program - Refugee,15,Transitional,61,43.20654624607414
Shelter,Winter Programs,40,Emergency,65,26.42228191252798
Shelter,Base Shelter and Overnight Services System,5,Transitional,52,28.803813690319657
Shelter,Winter Programs,32,Emergency,53,93.58294035773724
Shelter,Winter Programs,58,Transitional,143,83.42840890400112
Top Bunk Contingency Space,Base Shelter and Overnight Services System,112,Emergency,132,20.483830058947206
Warming Centre,Base Shelter and Overnight Services System,93,Emergency,138,64.93410668335855
Top Bunk Contingency Space,Base Program - Refugee,3,Transitional,140,84.40762632526457
